PC1,PC2,date,time,date_int
-1.274164524332419,-0.8857787376423788,2024-07-01,12:00,1719792000000000000
-2.98068255481726,0.02849673368568601,2024-07-02,12:00,1719878400000000000
3.8892037106719237,1.4385510458852702,2024-07-03,12:00,1719964800000000000
-3.473127838091891,-2.297485257646122,2024-07-04,12:00,1720051200000000000
0.445911563145644,-1.158441924217606,2024-07-05,12:00,1720137600000000000
-1.477869175343922,0.5010399619843746,2024-07-06,12:00,1720224000000000000
-1.4906472866418625,0.9477891187191804,2024-07-07,12:00,1720310400000000000
-3.018999467934297,2.4965940832001765,2024-07-08,12:00,1720396800000000000
-2.8014280967204175,0.8510073289996731,2024-07-09,12:00,1720483200000000000
3.695004903796671,-0.8506740026847357,2024-07-10,12:00,1720569600000000000
-1.1997058692954952,1.106347435873068,2024-07-11,12:00,1720656000000000000
-2.9111698223047116,-0.48071146297194767,2024-07-12,12:00,1720742400000000000
0.3110099655340626,1.0696743676174405,2024-07-13,12:00,1720828800000000000
3.5347537709322387,-1.0959306572307685,2024-07-14,12:00,1720915200000000000
-1.400783074797303,1.28513987704055,2024-07-15,12:00,1721001600000000000
-1.2725438684991084,0.8307356501835568,2024-07-16,12:00,1721088000000000000
3.4580588930127862,-0.09587492583576683,2024-07-17,12:00,1721174400000000000
-1.3422230885510782,-1.720707111771245,2024-07-18,12:00,1721260800000000000
-3.0504511848095075,-0.07258203503447246,2024-07-19,12:00,1721347200000000000
-1.5622315802456535,-1.724317176897097,2024-07-20,12:00,1721433600000000000
-2.919276900904303,1.4776216443533932,2024-07-21,12:00,1721520000000000000
-1.1424550200327086,0.2987475908967767,2024-07-22,12:00,1721606400000000000
-3.320761242312342,-2.1155588223967845,2024-07-23,12:00,1721692800000000000
-2.7580854145039773,-0.7153108106187931,2024-07-24,12:00,1721779200000000000
3.8279325605726493,-1.3056204345850229,2024-07-25,12:00,1721865600000000000
4.006010153408787,0.970420701427755,2024-07-26,12:00,1721952000000000000
0.9842003162084653,-2.215321211211257,2024-07-27,12:00,1722038400000000000
-2.945328470023261,1.6257393183233282,2024-07-28,12:00,1722124800000000000
-3.160582813045001,-0.26087327776300756,2024-07-29,12:00,1722211200000000000
-1.0346053642941182,-1.160658593192845,2024-07-30,12:00,1722297600000000000
-2.7877337348294793,0.006009334563937984,2024-07-31,12:00,1722384000000000000
0.6596521155137146,0.9752112103334168,2024-08-01,12:00,1722470400000000000
3.218680292290003,0.40503168706974907,2024-08-02,12:00,1722556800000000000
-2.9262808667342846,-0.9413815673885585,2024-08-03,12:00,1722643200000000000
-1.159142245606744,-0.5952650509275159,2024-08-04,12:00,1722729600000000000
3.649880189540525,-0.1453239809661168,2024-08-05,12:00,1722816000000000000
0.4444165447566202,-0.028753597335559846,2024-08-06,12:00,1722902400000000000
-1.2246076313835599,0.9673718509098366,2024-08-07,12:00,1722988800000000000
0.721858451826767,1.2123491869211225,2024-08-08,12:00,1723075200000000000
1.0161125926590355,-1.1648226972991613,2024-08-09,12:00,1723161600000000000
0.6028080742222094,0.6292017580611655,2024-08-10,12:00,1723248000000000000
-1.3534595025645872,-0.12864528461606983,2024-08-11,12:00,1723334400000000000
2.9348412797210774,0.49625692685022854,2024-08-12,12:00,1723420800000000000
-1.3379345594939878,-1.06065092843964,2024-08-13,12:00,1723507200000000000
3.6679491504725217,-0.7811151563171171,2024-08-14,12:00,1723593600000000000
-1.531526393565577,0.8795008449825146,2024-08-15,12:00,1723680000000000000
3.0723436813629643,-1.0564603667672179,2024-08-16,12:00,1723766400000000000
0.8329407759077161,-0.9129997952811139,2024-08-17,12:00,1723852800000000000
-1.1668303970756022,-1.1431577378418616,2024-08-18,12:00,1723939200000000000
1.0147799477526331,0.31082546951608475,2024-08-19,12:00,1724025600000000000
-3.1353306116620634,-0.7951495256186353,2024-08-20,12:00,1724112000000000000
-2.7525975367681563,-0.27823311661159184,2024-08-21,12:00,1724198400000000000
-3.0980821663586253,-0.052027975727093834,2024-08-22,12:00,1724284800000000000
-1.2685432473086777,1.6698676165896749,2024-08-23,12:00,1724371200000000000
-3.3500427295551525,-0.6145796077261625,2024-08-24,12:00,1724457600000000000
-3.0200241941542316,1.3026368624662967,2024-08-25,12:00,1724544000000000000
-3.0343859788843206,0.1924830785532865,2024-08-26,12:00,1724630400000000000
-3.0360440725157334,0.25179685035384713,2024-08-27,12:00,1724716800000000000
2.7125127818993526,-1.1127992128603341,2024-08-28,12:00,1724803200000000000
0.6396385890057371,1.7790710098885938,2024-08-29,12:00,1724889600000000000
-2.938378836951952,-0.32592134303975134,2024-08-30,12:00,1724976000000000000
3.679102618778977,-0.7962775198758282,2024-08-31,12:00,1725062400000000000
-3.105625962690793,0.05406255542342187,2024-09-01,12:00,1725148800000000000
0.9011600066670425,-0.9609103985894646,2024-09-02,12:00,1725235200000000000
1.3706001303971362,0.8369920604048021,2024-09-03,12:00,1725321600000000000
-1.4226419633575662,-1.1049452343558834,2024-09-04,12:00,1725408000000000000
-1.3832324582024187,0.6574041332448944,2024-09-05,12:00,1725494400000000000
3.893163533602916,-1.8313126313273287,2024-09-06,12:00,1725580800000000000
0.3666469935218576,1.7635566948766033,2024-09-07,12:00,1725667200000000000
-3.174238400451238,-0.5995894827692122,2024-09-08,12:00,1725753600000000000
-1.2294729761919467,1.3779498288691252,2024-09-09,12:00,1725840000000000000
-2.884073063162657,-0.3478683644584931,2024-09-10,12:00,1725926400000000000
3.7899767335512515,0.939454458041196,2024-09-11,12:00,1726012800000000000
-3.182020901462343,-0.5373916215592814,2024-09-12,12:00,1726099200000000000
0.6493853121524608,0.5981345146885877,2024-09-13,12:00,1726185600000000000
-1.4287735213308341,1.7768146088107741,2024-09-14,12:00,1726272000000000000
-2.8632032246443773,-1.4444398962347684,2024-09-15,12:00,1726358400000000000
0.10697954949558854,-1.218553408511818,2024-09-16,12:00,1726444800000000000
0.5881803135048165,1.1624726187568548,2024-09-17,12:00,1726531200000000000
-1.2199716642081015,-0.3730348195311859,2024-09-18,12:00,1726617600000000000
-2.7552246196523025,0.39550189534162833,2024-09-19,12:00,1726704000000000000
3.5265465897239174,-0.24943831355182522,2024-09-20,12:00,1726790400000000000
-1.3154834618726936,1.7743375547613798,2024-09-21,12:00,1726876800000000000
-2.634150460186072,0.422434406294461,2024-09-22,12:00,1726963200000000000
3.416368536577854,-0.21375491765269897,2024-09-23,12:00,1727049600000000000
0.2763730570799292,0.059555066026531586,2024-09-24,12:00,1727136000000000000
3.5522284355310774,-0.30224098503617375,2024-09-25,12:00,1727222400000000000
-2.9362701859361287,0.8223957374130499,2024-09-26,12:00,1727308800000000000
-3.14552850339649,-0.5497756895413364,2024-09-27,12:00,1727395200000000000
0.2809244430226434,-0.8073879967168887,2024-09-28,12:00,1727481600000000000
0.23312529849517924,-0.631605096323077,2024-09-29,12:00,1727568000000000000
3.500561844188247,-0.41970918194667917,2024-09-30,12:00,1727654400000000000
3.569785659222105,-1.4831036879248725,2024-10-01,12:00,1727740800000000000
-2.764346471308123,-0.028655754127340286,2024-10-02,12:00,1727827200000000000
0.8817833212644841,-0.6256802162282847,2024-10-03,12:00,1727913600000000000
-0.938351029024688,-0.4587235916902408,2024-10-04,12:00,1728000000000000000
-1.1466157146627194,1.6705789872229098,2024-10-05,12:00,1728086400000000000
0.7134527450609285,-1.116447611485401,2024-10-06,12:00,1728172800000000000
-2.85852836697605,-1.0039467519759548,2024-10-07,12:00,1728259200000000000
-1.3293995514494101,0.30015282275437777,2024-10-08,12:00,1728345600000000000
-2.8504552490090656,0.3873193350037562,2024-10-09,12:00,1728432000000000000
3.638695008536585,0.024980962185937827,2024-10-10,12:00,1728518400000000000
-3.0321875458242666,-0.6151845788756294,2024-10-11,12:00,1728604800000000000
1.3127284902684002,0.6927855032568968,2024-10-12,12:00,1728691200000000000
0.8142454959885785,0.3110394640382876,2024-10-13,12:00,1728777600000000000
0.5288761835222521,1.2079058721145433,2024-10-14,12:00,1728864000000000000
-2.911007642934855,-0.2632060333140568,2024-10-15,12:00,1728950400000000000
-1.2618125197287144,-0.07843607922679612,2024-10-16,12:00,1729036800000000000
-1.2953742894380833,-0.48017219677128475,2024-10-17,12:00,1729123200000000000
-2.8201376966212592,-0.7971837160678329,2024-10-18,12:00,1729209600000000000
3.53205941353514,-0.6579536148737328,2024-10-19,12:00,1729296000000000000
-1.1035021608821907,-0.36452759006185476,2024-10-20,12:00,1729382400000000000
-1.3570398410599023,-0.1773192045072576,2024-10-21,12:00,1729468800000000000
0.7901785486315812,0.31650224342548805,2024-10-22,12:00,1729555200000000000
3.30158167391946,0.3438385767764346,2024-10-23,12:00,1729641600000000000
-1.438042848459347,-0.31649043290466156,2024-10-24,12:00,1729728000000000000
0.4523062665848886,-2.0662340391241294,2024-10-25,12:00,1729814400000000000
4.082270276967516,-0.9793590710921876,2024-10-26,12:00,1729900800000000000
2.9542240708439675,1.586776063252284,2024-10-27,12:00,1729987200000000000
3.1754173814142366,0.8727569492853654,2024-10-28,12:00,1730073600000000000
-2.804199147741996,-0.17417864021493157,2024-10-29,12:00,1730160000000000000
-3.177646628645218,-1.5188027519253677,2024-10-30,12:00,1730246400000000000
4.0475165334162915,1.042801891763105,2024-10-31,12:00,1730332800000000000
0.6875808389148697,1.7361511311143392,2024-11-01,12:00,1730419200000000000
3.4971112574746805,0.741867124999986,2024-11-02,12:00,1730505600000000000
3.3034583676338403,2.5810473239104823,2024-11-03,12:00,1730592000000000000
-1.1333338377256374,-1.2135171810041854,2024-11-04,12:00,1730678400000000000
0.637534649680981,-0.4861621213465685,2024-11-05,12:00,1730764800000000000
0.9764021216136036,-0.7482966383338826,2024-11-06,12:00,1730851200000000000
-1.079222806344688,-0.9850369844923547,2024-11-07,12:00,1730937600000000000
-1.2438122055893928,0.4986877431354758,2024-11-08,12:00,1731024000000000000
-2.723742698543344,-0.05362168415734449,2024-11-09,12:00,1731110400000000000
3.7329915484358085,0.16295020882614464,2024-11-10,12:00,1731196800000000000
0.8342630821277669,-0.24291351931577174,2024-11-11,12:00,1731283200000000000
-1.3890796232606315,-1.550608154008786,2024-11-12,12:00,1731369600000000000
-3.1224886369260902,1.4474037949093945,2024-11-13,12:00,1731456000000000000
-3.0456764938104315,-1.6140881801588696,2024-11-14,12:00,1731542400000000000
0.73009063960756,1.0043937482536076,2024-11-15,12:00,1731628800000000000
-1.4448603989483175,-1.0315763647391691,2024-11-16,12:00,1731715200000000000
-1.0372675288359743,-0.9180515165528885,2024-11-17,12:00,1731801600000000000
-1.5454475676392494,-0.4536501564195157,2024-11-18,12:00,1731888000000000000
-1.305218770134422,-2.0278155298817184,2024-11-19,12:00,1731974400000000000
-1.185819879788487,-2.588195901069992,2024-11-20,12:00,1732060800000000000
0.7072490579102998,-1.3794152523724619,2024-11-21,12:00,1732147200000000000
0.7211336337912805,0.9720931437071042,2024-11-22,12:00,1732233600000000000
0.5712462518262346,-2.2940639724092624,2024-11-23,12:00,1732320000000000000
-3.085316710747464,-1.4945503407164824,2024-11-24,12:00,1732406400000000000
-1.01805735409485,1.153841391684244,2024-11-25,12:00,1732492800000000000
-1.6067986657374407,-0.3718935908539127,2024-11-26,12:00,1732579200000000000
-1.2618246989492146,-1.2320660171299824,2024-11-27,12:00,1732665600000000000
-1.1036267888560918,0.3189539840455231,2024-11-28,12:00,1732752000000000000
-2.6731246541294627,0.04571145867603688,2024-11-29,12:00,1732838400000000000
1.1698708782510132,-0.5880991448227134,2024-11-30,12:00,1732924800000000000
0.11756178281725048,-0.391350081805537,2024-12-01,12:00,1733011200000000000
-1.5634119829010062,1.3165001057179562,2024-12-02,12:00,1733097600000000000
2.9059509677164193,0.7482728690687575,2024-12-03,12:00,1733184000000000000
1.1140763547411072,0.5083509540020353,2024-12-04,12:00,1733270400000000000
-1.2552603056092808,-0.30077882552777513,2024-12-05,12:00,1733356800000000000
-2.805971575665719,0.21726372444383582,2024-12-06,12:00,1733443200000000000
0.6576105410729445,-1.0298136230433825,2024-12-07,12:00,1733529600000000000
-1.4701789391922149,-1.2852132483626098,2024-12-08,12:00,1733616000000000000
-3.540915269157282,0.6734697731673132,2024-12-09,12:00,1733702400000000000
0.65373176857565,-0.43476907246166663,2024-12-10,12:00,1733788800000000000
-3.218277672928131,0.014860809769439888,2024-12-11,12:00,1733875200000000000
3.512328423450972,1.2266293748958776,2024-12-12,12:00,1733961600000000000
3.302677519410839,0.8135947277743203,2024-12-13,12:00,1734048000000000000
3.567082486697688,-1.3565563479493554,2024-12-14,12:00,1734134400000000000
0.28648147713317085,1.3175883049912744,2024-12-15,12:00,1734220800000000000
0.8731599066397899,0.3518293768489524,2024-12-16,12:00,1734307200000000000
3.3836510718034742,-0.4308318513098734,2024-12-17,12:00,1734393600000000000
3.7101418052429977,1.5669816123699984,2024-12-18,12:00,1734480000000000000
-2.9115054766047708,1.1687339352602737,2024-12-19,12:00,1734566400000000000
0.7074021284843078,1.6337557858305394,2024-12-20,12:00,1734652800000000000
2.8335102171165163,-0.33246965716714505,2024-12-21,12:00,1734739200000000000
-2.774869115028465,-0.2318666226592801,2024-12-22,12:00,1734825600000000000
3.2719307643166378,-1.4043630666092723,2024-12-23,12:00,1734912000000000000
-1.1859827698926553,1.349863330391431,2024-12-24,12:00,1734998400000000000
1.1794083201414576,-0.11935697928757179,2024-12-25,12:00,1735084800000000000
0.960034959943056,0.18032041374954572,2024-12-26,12:00,1735171200000000000
-2.916423130923546,-0.21797249654865053,2024-12-27,12:00,1735257600000000000
-2.63717145980525,1.5799763616208757,2024-12-28,12:00,1735344000000000000
0.19050035942774068,1.7658834336994704,2024-12-29,12:00,1735430400000000000
-1.307090072561648,2.0321198719065956,2024-12-30,12:00,1735516800000000000
3.3761459595400685,-1.5890089460533017,2024-12-31,12:00,1735603200000000000
0.4018286526377786,1.5874951123945074,2025-01-01,12:00,1735689600000000000
-1.3928442203920053,-1.0858974858296506,2025-01-02,12:00,1735776000000000000
-3.2129976354332186,-0.16960094860500688,2025-01-03,12:00,1735862400000000000
-2.703171119009739,-0.8564458508396471,2025-01-04,12:00,1735948800000000000
-3.223330640286654,-0.06133396727886657,2025-01-05,12:00,1736035200000000000
-0.08054168335823642,-1.1801344379067844,2025-01-06,12:00,1736121600000000000
3.452440916115414,0.03163796300144033,2025-01-07,12:00,1736208000000000000
-2.6997034121025596,-0.397387308525961,2025-01-08,12:00,1736294400000000000
-1.6000199212249187,-0.5883402117912369,2025-01-09,12:00,1736380800000000000
3.9729422041470777,-2.350352597830825,2025-01-10,12:00,1736467200000000000
1.0001384739056292,-0.5471498663613422,2025-01-11,12:00,1736553600000000000
3.698749376165345,-0.9488885248328082,2025-01-12,12:00,1736640000000000000
3.7275618323493513,-0.5479674984748913,2025-01-13,12:00,1736726400000000000
-1.326862256382452,-0.22495656212203147,2025-01-14,12:00,1736812800000000000
-3.0714986906668122,0.7241988062035682,2025-01-15,12:00,1736899200000000000
4.047660981463651,-0.11024744891767133,2025-01-16,12:00,1736985600000000000
-1.3579430152576264,0.5281910455900346,2025-01-17,12:00,1737072000000000000
0.32600891913577473,0.6985681148301583,2025-01-18,12:00,1737158400000000000
-0.28911145460518656,0.1102575856126173,2025-01-19,12:00,1737244800000000000
3.5877805061203483,1.0704568050333871,2025-01-20,12:00,1737331200000000000
-3.2637705722653063,-0.052958141589667246,2025-01-21,12:00,1737417600000000000
0.5706562202683355,-0.5927240800422661,2025-01-22,12:00,1737504000000000000
0.5674502190251388,1.8918714666756795,2025-01-23,12:00,1737590400000000000
3.006307539333273,-0.523332538647877,2025-01-24,12:00,1737676800000000000
0.8700630067498534,0.0879702802079203,2025-01-25,12:00,1737763200000000000
3.0146460421062646,-1.2647860054101576,2025-01-26,12:00,1737849600000000000
4.075178240666405,0.5540553086250377,2025-01-27,12:00,1737936000000000000
-1.3363242481157052,-0.4506390662831137,2025-01-28,12:00,1738022400000000000
0.19819091274135003,-1.1949760388016122,2025-01-29,12:00,1738108800000000000
0.7313039659705481,2.7767348369705074,2025-01-30,12:00,1738195200000000000
-2.8026808311599773,1.1030736302040705,2025-01-31,12:00,1738281600000000000
-1.2319837153773363,-0.38604173344095194,2025-02-01,12:00,1738368000000000000
-2.7313929546792166,0.5162716778458495,2025-02-02,12:00,1738454400000000000
-3.0877168731736226,-0.034112689534803134,2025-02-03,12:00,1738540800000000000
-1.590077619565937,0.04186360841296564,2025-02-04,12:00,1738627200000000000
-1.1779266318929063,1.345608178429444,2025-02-05,12:00,1738713600000000000
3.81356936942018,-0.21745421307801918,2025-02-06,12:00,1738800000000000000
-2.8028393927511237,0.5589850383354017,2025-02-07,12:00,1738886400000000000
3.2008846277473353,1.3842443997370477,2025-02-08,12:00,1738972800000000000
3.3480191766796303,-0.46762733482690827,2025-02-09,12:00,1739059200000000000
0.6786507691568837,-0.9688042411027749,2025-02-10,12:00,1739145600000000000
-3.0279872147257567,1.2071347384043254,2025-02-11,12:00,1739232000000000000
-3.3791138553755733,-1.3184122029845764,2025-02-12,12:00,1739318400000000000
-1.2392795554104399,-0.18266915332145375,2025-02-13,12:00,1739404800000000000
-1.2465148158729353,-0.39268042155859545,2025-02-14,12:00,1739491200000000000
-1.2000249867423782,0.9805174082197478,2025-02-15,12:00,1739577600000000000
-2.7367015066601654,-0.6987433770163402,2025-02-16,12:00,1739664000000000000
-2.8872320038473607,-0.39080895900807633,2025-02-17,12:00,1739750400000000000
0.3567817752781542,-0.6344773276424747,2025-02-18,12:00,1739836800000000000
-1.1236549511151073,0.04760693229078424,2025-02-19,12:00,1739923200000000000
0.35613359729933125,0.8001974288780648,2025-02-20,12:00,1740009600000000000
-3.367645654506854,-0.5027272378921223,2025-02-21,12:00,1740096000000000000
3.6759094337379508,-0.3950456335093633,2025-02-22,12:00,1740182400000000000
-1.066204607262906,-0.5537546593470803,2025-02-23,12:00,1740268800000000000
3.521618509538773,0.4031420290365756,2025-02-24,12:00,1740355200000000000
0.19855649578262935,-1.117667862024554,2025-02-25,12:00,1740441600000000000
3.786196396333757,0.9993461022129662,2025-02-26,12:00,1740528000000000000
0.38413448936385625,0.13987727475363232,2025-02-27,12:00,1740614400000000000
-3.1465606830946578,-1.249425322397883,2025-02-28,12:00,1740700800000000000
3.5616666806094583,-1.1308290111745918,2025-03-01,12:00,1740787200000000000
-2.9296714501686174,-0.15366280000666918,2025-03-02,12:00,1740873600000000000
2.9004610046655777,-0.41679247650333956,2025-03-03,12:00,1740960000000000000
-3.2305663691527404,-0.42672745584311056,2025-03-04,12:00,1741046400000000000
3.7603391481626343,-0.49067607942872693,2025-03-05,12:00,1741132800000000000
3.6740572594177756,-0.03275202785655992,2025-03-06,12:00,1741219200000000000
0.6208388611020605,-1.6275484774408724,2025-03-07,12:00,1741305600000000000
3.2284494593026194,-0.3944795647488129,2025-03-08,12:00,1741392000000000000
-2.85225153051762,-0.3831130971338799,2025-03-09,12:00,1741478400000000000
0.7619910832447505,0.7091788336721315,2025-03-10,12:00,1741564800000000000
0.528675178146492,-0.02131917005660909,2025-03-11,12:00,1741651200000000000
-1.575638726989314,-1.3866923523855679,2025-03-12,12:00,1741737600000000000
0.42728493191372996,-2.154476274158726,2025-03-13,12:00,1741824000000000000
-2.8812435453988483,-0.44913310453583893,2025-03-14,12:00,1741910400000000000
-1.3131765401707505,-0.18713949977890368,2025-03-15,12:00,1741996800000000000
-3.2373356292967346,1.5796410339053253,2025-03-16,12:00,1742083200000000000
3.8434220932657928,-1.5090398671036185,2025-03-17,12:00,1742169600000000000
3.1833017757241664,-1.0023509322985389,2025-03-18,12:00,1742256000000000000
3.0361624909003497,1.119006763673331,2025-03-19,12:00,1742342400000000000
0.725475109395385,-0.07915171636059515,2025-03-20,12:00,1742428800000000000
-1.3717940161827147,-0.12563260626849126,2025-03-21,12:00,1742515200000000000
-1.363695263959123,-0.02130867882219397,2025-03-22,12:00,1742601600000000000
3.1291891561807836,-0.36911040831283326,2025-03-23,12:00,1742688000000000000
-1.059899569914599,1.4792336805174968,2025-03-24,12:00,1742774400000000000
-2.756275869686147,0.14904745339930184,2025-03-25,12:00,1742860800000000000
-1.1532236879967823,2.1375772775883366,2025-03-26,12:00,1742947200000000000
0.8421714111239419,0.44266316588845306,2025-03-27,12:00,1743033600000000000
3.0078617797676266,-0.7969329730268319,2025-03-28,12:00,1743120000000000000
-1.1155261806562413,0.9986492592239338,2025-03-29,12:00,1743206400000000000
-1.4549064966364198,-0.1874536603579363,2025-03-30,12:00,1743292800000000000
0.5743187700931379,-0.4742545641612686,2025-03-31,12:00,1743379200000000000
-2.902750189040377,1.4380295726016483,2025-04-01,12:00,1743465600000000000
-1.2308391845367068,-1.1354643597500567,2025-04-02,12:00,1743552000000000000
-2.9280408319469142,1.2154127930564131,2025-04-03,12:00,1743638400000000000
-1.2941480276610335,-0.33015991179429566,2025-04-04,12:00,1743724800000000000
-1.0255766706602394,1.1042126936678993,2025-04-05,12:00,1743811200000000000
-3.1384868492853237,1.5167670354748968,2025-04-06,12:00,1743897600000000000
-1.106066188475405,0.8183781038631917,2025-04-07,12:00,1743984000000000000
-2.81471824679028,0.0640737485427117,2025-04-08,12:00,1744070400000000000
-2.9686622438050616,0.4227678503932354,2025-04-09,12:00,1744156800000000000
0.8548733587423896,-0.4482581593242626,2025-04-10,12:00,1744243200000000000
-1.12083103654516,-1.6350335102102094,2025-04-11,12:00,1744329600000000000
3.4379327013203036,1.3372977305951081,2025-04-12,12:00,1744416000000000000
0.5599898294682194,-1.6248878867489094,2025-04-13,12:00,1744502400000000000
1.03311174042335,0.4361097959054122,2025-04-14,12:00,1744588800000000000
0.34831019782206335,-1.5365976471867209,2025-04-15,12:00,1744675200000000000
-1.0897834535111857,0.14822861309350727,2025-04-16,12:00,1744761600000000000
-1.0699386764396954,-0.7432052583717061,2025-04-17,12:00,1744848000000000000
-1.3377890198967757,-1.273443990367874,2025-04-18,12:00,1744934400000000000
-1.2443074748745004,1.1059278083728012,2025-04-19,12:00,1745020800000000000
-1.1279462695723848,0.7727265988986761,2025-04-20,12:00,1745107200000000000
-3.430977902064034,-0.7737079245355941,2025-04-21,12:00,1745193600000000000
-2.9126819195036115,-0.2638121191202172,2025-04-22,12:00,1745280000000000000
-1.1716340682816775,-0.4811306631412911,2025-04-23,12:00,1745366400000000000
-1.0459984895957117,0.6026280780971809,2025-04-24,12:00,1745452800000000000
-2.823911784517255,-1.8386984236104633,2025-04-25,12:00,1745539200000000000
3.7771312576177802,-0.8119965187226302,2025-04-26,12:00,1745625600000000000
-1.0464957425348929,-0.07820668355347506,2025-04-27,12:00,1745712000000000000
0.6507812343588073,0.3558338805214391,2025-04-28,12:00,1745798400000000000
-1.0067384335755838,-0.4642202313092844,2025-04-29,12:00,1745884800000000000
3.7834140136024783,-0.6228937012935849,2025-04-30,12:00,1745971200000000000
0.6589244152639122,-0.5977888375481308,2025-05-01,12:00,1746057600000000000
-1.372761457648871,-0.8931069052950957,2025-05-02,12:00,1746144000000000000
-3.2239310814617252,-0.7065947415319529,2025-05-03,12:00,1746230400000000000
-2.4429218636195094,0.7094855857812601,2025-05-04,12:00,1746316800000000000
-1.0998170222256034,0.07204408622097491,2025-05-05,12:00,1746403200000000000
3.0937203352512794,-1.2301743996757806,2025-05-06,12:00,1746489600000000000
0.9187335994289848,2.1991368196545853,2025-05-07,12:00,1746576000000000000
3.3856144834311177,1.8669407016213198,2025-05-08,12:00,1746662400000000000
-1.026218317140473,1.7185469996763982,2025-05-09,12:00,1746748800000000000
-2.2505634238433023,2.9610944051106607,2025-05-10,12:00,1746835200000000000
3.5305277414758245,-0.25310203213042654,2025-05-11,12:00,1746921600000000000
-1.34689362420663,0.25468938197726104,2025-05-12,12:00,1747008000000000000
2.9141253686008297,2.723080267308564,2025-05-13,12:00,1747094400000000000
-1.0524923918486182,1.0039881424376,2025-05-14,12:00,1747180800000000000
-3.077479324114645,-0.7924717033502268,2025-05-15,12:00,1747267200000000000
-1.2455090097070975,0.4724325921843624,2025-05-16,12:00,1747353600000000000
-2.8771037400491544,-0.5398514339353331,2025-05-17,12:00,1747440000000000000
-3.044679621332751,0.7893892356301698,2025-05-18,12:00,1747526400000000000
-2.9384959510176354,0.686891544655935,2025-05-19,12:00,1747612800000000000
-1.2213090067204349,1.0944818580820779,2025-05-20,12:00,1747699200000000000
-1.3802996262435834,-0.03203504436233833,2025-05-21,12:00,1747785600000000000
3.263174717587766,-1.5020861580245,2025-05-22,12:00,1747872000000000000
-3.19072253588893,0.38881893534788886,2025-05-23,12:00,1747958400000000000
-2.5860561274061142,0.16706530434190325,2025-05-24,12:00,1748044800000000000
3.607313838005036,-0.03482447422909227,2025-05-25,12:00,1748131200000000000
0.6562667187380222,0.36261877924676494,2025-05-26,12:00,1748217600000000000
-3.2041288457672,0.06161591973118584,2025-05-27,12:00,1748304000000000000
-3.1997670643047718,0.5429362733492639,2025-05-28,12:00,1748390400000000000
3.6091928887278413,-0.10924692040987088,2025-05-29,12:00,1748476800000000000
-1.4063750051232058,0.9552259034567963,2025-05-30,12:00,1748563200000000000
-2.624996276662889,2.284543596711897,2025-05-31,12:00,1748649600000000000
3.482421175331051,-0.4985001027376724,2025-06-01,12:00,1748736000000000000
-1.1494696236918316,-0.8609237098710539,2025-06-02,12:00,1748822400000000000
0.34971748053314805,0.03248527194787285,2025-06-03,12:00,1748908800000000000
-2.810405353048032,-1.5558380253041717,2025-06-04,12:00,1748995200000000000
-2.7480727063562314,-0.043774025302709116,2025-06-05,12:00,1749081600000000000
-2.9394670246308654,0.6839038544466209,2025-06-06,12:00,1749168000000000000
-3.0276627345200184,-0.0571762098637371,2025-06-07,12:00,1749254400000000000
3.330795761171473,0.03312684119926431,2025-06-08,12:00,1749340800000000000
0.930864223445673,0.4314249053508451,2025-06-09,12:00,1749427200000000000
3.4184242537889533,-1.6134073942275997,2025-06-10,12:00,1749513600000000000
3.5571155531550476,-1.4922588094270703,2025-06-11,12:00,1749600000000000000
-1.4002139792528279,0.7392032407154048,2025-06-12,12:00,1749686400000000000
3.154270069551612,0.34524471138880874,2025-06-13,12:00,1749772800000000000
4.3870606872687254,2.3178774449700397,2025-06-14,12:00,1749859200000000000
-2.987956659205622,-2.2658251994378578,2025-06-15,12:00,1749945600000000000
-2.7874491953926754,0.8787295201257014,2025-06-16,12:00,1750032000000000000
3.32007016101317,-1.2844776840547565,2025-06-17,12:00,1750118400000000000
-0.13529060416280936,-1.034354430568602,2025-06-18,12:00,1750204800000000000
0.5903890654229469,1.55204704689938,2025-06-19,12:00,1750291200000000000
3.3584101266942383,1.944287560029023,2025-06-20,12:00,1750377600000000000
-2.9893470811268594,0.6934200696275157,2025-06-21,12:00,1750464000000000000
3.1691013239075345,1.2299194580471242,2025-06-22,12:00,1750550400000000000
0.246474549056702,0.6809138633503858,2025-06-23,12:00,1750636800000000000
0.5499963416771404,-2.637036500585478,2025-06-24,12:00,1750723200000000000
4.003834047509596,0.3206497697119001,2025-06-25,12:00,1750809600000000000
0.859445061583525,0.7517033711544301,2025-06-26,12:00,1750896000000000000
-1.4142177964433542,1.6159313484879874,2025-06-27,12:00,1750982400000000000
3.3348372039666567,-0.2498987181889312,2025-06-28,12:00,1751068800000000000
-1.2620886065401353,-0.6430210078605676,2025-06-29,12:00,1751155200000000000
3.7913926257169663,-0.556051433722194,2025-06-30,12:00,1751241600000000000
0.639595213406827,0.16357641644242457,2025-07-01,12:00,1751328000000000000
2.9428474065007952,-0.8983181326074589,2025-07-02,12:00,1751414400000000000
-2.9409814828143297,-0.33768763762498194,2025-07-03,12:00,1751500800000000000
-2.910608590187529,-1.2863984685081142,2025-07-04,12:00,1751587200000000000
0.847738058013165,-1.2459637036661293,2025-07-05,12:00,1751673600000000000
-1.3434433402095622,1.030172614686916,2025-07-06,12:00,1751760000000000000
-1.3334718125594502,-0.8850349993788242,2025-07-07,12:00,1751846400000000000
-1.5501348814938427,1.4834097551610925,2025-07-08,12:00,1751932800000000000
-3.3896307538384396,1.447745676213403,2025-07-09,12:00,1752019200000000000
-3.222439473781235,-0.19570869329018964,2025-07-10,12:00,1752105600000000000
3.968251090430816,-0.5411717245610943,2025-07-11,12:00,1752192000000000000
-1.218472474588099,0.35737111636591035,2025-07-12,12:00,1752278400000000000
0.6040770113343318,0.5781379279411396,2025-07-13,12:00,1752364800000000000
0.9302915026654227,-0.04073302346303519,2025-07-14,12:00,1752451200000000000
-3.2393291627299012,0.5534463774915305,2025-07-15,12:00,1752537600000000000
0.8898767817198326,0.3464229337534965,2025-07-16,12:00,1752624000000000000
-1.2548782017711935,0.1555201426853205,2025-07-17,12:00,1752710400000000000
0.20703138553032127,0.5349978222571037,2025-07-18,12:00,1752796800000000000
-2.7543226790068576,-0.12184436593951219,2025-07-19,12:00,1752883200000000000
-1.231643077129143,-0.47409747393109497,2025-07-20,12:00,1752969600000000000
-0.9327422487857339,0.10159917975737075,2025-07-21,12:00,1753056000000000000
0.7196157894076689,-2.1277616265919814,2025-07-22,12:00,1753142400000000000
-3.0160741736480294,-0.9684320671914135,2025-07-23,12:00,1753228800000000000
-3.3098798031362158,-1.6424723417080065,2025-07-24,12:00,1753315200000000000
3.1468252757283417,0.15796447728743598,2025-07-25,12:00,1753401600000000000
4.1484149787771685,1.0213487306702596,2025-07-26,12:00,1753488000000000000
0.5686536628832541,0.1243617348574872,2025-07-27,12:00,1753574400000000000
0.40121625975923797,0.10254322895458318,2025-07-28,12:00,1753660800000000000
-2.433302860624553,-0.17691822801680407,2025-07-29,12:00,1753747200000000000
3.673549289202995,-0.8019260941179359,2025-07-30,12:00,1753833600000000000
-1.3378611735246164,-1.3145052592460995,2025-07-31,12:00,1753920000000000000
-3.024266077761221,-0.8323416399627991,2025-08-01,12:00,1754006400000000000
0.5182704373053116,-0.5692101632960254,2025-08-02,12:00,1754092800000000000
3.814604330900694,1.349448292071189,2025-08-03,12:00,1754179200000000000
1.0660201611901718,0.8210016714630644,2025-08-04,12:00,1754265600000000000
0.6634898885397934,0.21090579788898597,2025-08-05,12:00,1754352000000000000
-1.1167078613601829,-0.41147254169438324,2025-08-06,12:00,1754438400000000000
2.85267541579502,-1.5996340614676525,2025-08-07,12:00,1754524800000000000
0.7075792502721343,-1.5822050656692965,2025-08-08,12:00,1754611200000000000
3.622193726683224,-0.7294222891760167,2025-08-09,12:00,1754697600000000000
-2.3639663392135657,1.862592266033473,2025-08-10,12:00,1754784000000000000
0.9235322521168366,1.2858437164913386,2025-08-11,12:00,1754870400000000000
-1.3375915255117654,-1.0508917213259026,2025-08-12,12:00,1754956800000000000
-3.3168368169322244,-0.8395929063839912,2025-08-13,12:00,1755043200000000000
-3.1327842057316624,0.6564894307197856,2025-08-14,12:00,1755129600000000000
-1.5530557699078338,-2.0223794813880263,2025-08-15,12:00,1755216000000000000
1.0696187414474434,0.5143941619831263,2025-08-16,12:00,1755302400000000000
-1.3586056989844129,0.19096248345246522,2025-08-17,12:00,1755388800000000000
-0.8487714871179508,-0.28021721203191347,2025-08-18,12:00,1755475200000000000
-1.1021007688809907,0.4722837429353779,2025-08-19,12:00,1755561600000000000
0.8908291844284687,-0.06199043914248782,2025-08-20,12:00,1755648000000000000
1.1720799875897907,1.276753146945969,2025-08-21,12:00,1755734400000000000
3.7182737344479566,0.9859489847160737,2025-08-22,12:00,1755820800000000000
-3.1649214196050908,0.9508430044433241,2025-08-23,12:00,1755907200000000000
-0.8983829277098542,-1.284955537876321,2025-08-24,12:00,1755993600000000000
3.6073780993908517,-1.390081555858913,2025-08-25,12:00,1756080000000000000
3.655715316780248,-1.281750268873292,2025-08-26,12:00,1756166400000000000
-2.638177978048291,-0.4469718416107741,2025-08-27,12:00,1756252800000000000
-2.5590899057626166,-1.4077491720380617,2025-08-28,12:00,1756339200000000000
1.1216315640913195,-1.4841721959441887,2025-08-29,12:00,1756425600000000000
-3.0256083965033103,-0.17719011315224023,2025-08-30,12:00,1756512000000000000
0.1945016388670739,-0.06078300152516906,2025-08-31,12:00,1756598400000000000
0.7921635016492402,-1.3060152444052688,2025-09-01,12:00,1756684800000000000
-2.9271544458208623,-0.6851616003179112,2025-09-02,12:00,1756771200000000000
-3.1067553296210715,1.196915598669486,2025-09-03,12:00,1756857600000000000
0.637004114586798,-1.0907439334678648,2025-09-04,12:00,1756944000000000000
-1.4691833873459732,1.3421012963719199,2025-09-05,12:00,1757030400000000000
-3.199310729003272,0.50720010264089,2025-09-06,12:00,1757116800000000000
3.0321703504695727,1.7039421383980147,2025-09-07,12:00,1757203200000000000
3.2466206630563863,0.5109865681602334,2025-09-08,12:00,1757289600000000000
3.134265745211987,0.5900178955435361,2025-09-09,12:00,1757376000000000000
-1.2898419211704408,0.566861830158521,2025-09-10,12:00,1757462400000000000
-1.251245884968568,1.0699766609082049,2025-09-11,12:00,1757548800000000000
3.285173400707766,0.9257187382193021,2025-09-12,12:00,1757635200000000000
0.9162212755958569,-1.7054578109225635,2025-09-13,12:00,1757721600000000000
0.4146514061044857,-1.2027722564753598,2025-09-14,12:00,1757808000000000000
3.357976222630949,-1.3254375401779646,2025-09-15,12:00,1757894400000000000
-2.9324909952284073,1.1528108853555585,2025-09-16,12:00,1757980800000000000
-2.6238425732794077,-0.14235017339466186,2025-09-17,12:00,1758067200000000000
-1.4788416192316247,-0.744307737166472,2025-09-18,12:00,1758153600000000000
-1.5484104944482104,0.032397599881723145,2025-09-19,12:00,1758240000000000000
-1.424303649222738,-1.3643294214475616,2025-09-20,12:00,1758326400000000000
3.576761655460646,-0.034713942851308154,2025-09-21,12:00,1758412800000000000
-2.5792035200528787,1.7192346441911286,2025-09-22,12:00,1758499200000000000
3.5923295391098615,1.042755960031939,2025-09-23,12:00,1758585600000000000
0.7166090952472549,-1.1839860731911593,2025-09-24,12:00,1758672000000000000
-2.889614234370473,1.6489326858871405,2025-09-25,12:00,1758758400000000000
3.1043643638575245,0.832814224221846,2025-09-26,12:00,1758844800000000000
-1.2044099403929063,-0.28908313698169275,2025-09-27,12:00,1758931200000000000
0.40863115657722243,-0.3980874140802294,2025-09-28,12:00,1759017600000000000
-1.4031074795788288,-0.8125271931591845,2025-09-29,12:00,1759104000000000000
-1.3516113171340176,-2.7395431874155425,2025-09-30,12:00,1759190400000000000
-2.999171208808973,0.35172314017739964,2025-10-01,12:00,1759276800000000000
-3.1573149465708634,1.0285071693028385,2025-10-02,12:00,1759363200000000000
-1.2590002288176854,-2.106233380980497,2025-10-03,12:00,1759449600000000000
-3.180253608985245,-0.06952670385816205,2025-10-04,12:00,1759536000000000000
0.5760234968521559,1.0550465342737234,2025-10-05,12:00,1759622400000000000
-2.8752578715556494,-0.8434827247407174,2025-10-06,12:00,1759708800000000000
3.4444738204279406,0.8827361152224875,2025-10-07,12:00,1759795200000000000
3.2006216244332975,0.05173732571533569,2025-10-08,12:00,1759881600000000000
3.616625844829997,-0.41806629671231027,2025-10-09,12:00,1759968000000000000
3.084753920108011,0.591978901805913,2025-10-10,12:00,1760054400000000000
0.900597796972566,-0.889894259863785,2025-10-11,12:00,1760140800000000000
1.0748473378368244,0.7203398639571006,2025-10-12,12:00,1760227200000000000
0.08508527140083816,1.0136028899942922,2025-10-13,12:00,1760313600000000000
-1.2877603543290281,0.923049180633397,2025-10-14,12:00,1760400000000000000
-1.2578167900686115,-1.6789809831635165,2025-10-15,12:00,1760486400000000000
-1.1159155796649007,-0.32596133476135886,2025-10-16,12:00,1760572800000000000
-2.884327689193062,0.3519818212730918,2025-10-17,12:00,1760659200000000000
-2.9741088903618604,2.0476683760270604,2025-10-18,12:00,1760745600000000000
3.5186722719632373,1.2201226748665122,2025-10-19,12:00,1760832000000000000
-3.282073947386665,-0.4690907261061861,2025-10-20,12:00,1760918400000000000
0.8460076890016138,-0.9954236074538375,2025-10-21,12:00,1761004800000000000
0.61777939379709,1.0793075326398003,2025-10-22,12:00,1761091200000000000
0.5823557135058096,0.9376868939565117,2025-10-23,12:00,1761177600000000000
-1.2324644218856038,1.4394600771030233,2025-10-24,12:00,1761264000000000000
-2.963660938114767,-0.3091307783213324,2025-10-25,12:00,1761350400000000000
-1.3752799046838293,0.9084900916634852,2025-10-26,12:00,1761436800000000000
-1.5065055168553083,-0.20399842642002733,2025-10-27,12:00,1761523200000000000
3.8753813743747365,1.13773167172486,2025-10-28,12:00,1761609600000000000
3.1161390214047584,-0.26866140662358623,2025-10-29,12:00,1761696000000000000
3.1021925887918735,-1.515197168114058,2025-10-30,12:00,1761782400000000000
3.307613500952392,-0.6460424068572601,2025-10-31,12:00,1761868800000000000
0.46404028587709434,-1.0176141852788927,2025-11-01,12:00,1761955200000000000
3.873337999077134,0.721075617535524,2025-11-02,12:00,1762041600000000000
-3.2214665911679776,-0.8209237371256703,2025-11-03,12:00,1762128000000000000
-2.5899924945087873,1.295821941293441,2025-11-04,12:00,1762214400000000000
3.4048113679425853,0.777299627693278,2025-11-05,12:00,1762300800000000000
3.689161364978312,1.6720919349840486,2025-11-06,12:00,1762387200000000000
-1.2399934669225476,-2.2735218265722197,2025-11-07,12:00,1762473600000000000
0.8077830609220811,-0.27195277541251717,2025-11-08,12:00,1762560000000000000
3.5238330708078944,-0.8278441493954137,2025-11-09,12:00,1762646400000000000
-3.2088743296474966,0.3771483364251147,2025-11-10,12:00,1762732800000000000
-2.61790747689207,-0.16334251349891632,2025-11-11,12:00,1762819200000000000
-1.095460655344995,1.1081730913025671,2025-11-12,12:00,1762905600000000000
0.5612657096437025,-2.135239421754278,2025-11-13,12:00,1762992000000000000
3.2293742361570112,0.6746849880297223,2025-11-14,12:00,1763078400000000000
-3.1166216834514824,1.1328391773066173,2025-11-15,12:00,1763164800000000000
3.1529331071266804,-0.7106185541963301,2025-11-16,12:00,1763251200000000000
0.988645427100322,-1.3329930596666726,2025-11-17,12:00,1763337600000000000
0.33906183226772807,0.7694658675764974,2025-11-18,12:00,1763424000000000000
0.521677849891539,-0.5276035924426274,2025-11-19,12:00,1763510400000000000
3.2836679003166056,-2.1384464722880114,2025-11-20,12:00,1763596800000000000
-1.5799709245947622,-0.19258761660781065,2025-11-21,12:00,1763683200000000000
1.225177925949724,-0.6612646666314113,2025-11-22,12:00,1763769600000000000
-1.223096458806524,1.906389385113393,2025-11-23,12:00,1763856000000000000
3.5552793886011855,-1.1105799105296166,2025-11-24,12:00,1763942400000000000
-2.6642632722018162,-0.27339522091086066,2025-11-25,12:00,1764028800000000000
-1.249592375230128,-1.3600753592008519,2025-11-26,12:00,1764115200000000000
3.812337673455461,-0.28932492745957394,2025-11-27,12:00,1764201600000000000
-3.1150551836116467,1.8665470891142926,2025-11-28,12:00,1764288000000000000
-1.3354918995622267,-0.13329434846490296,2025-11-29,12:00,1764374400000000000
-0.1788741464183238,-1.90526438170048,2025-11-30,12:00,1764460800000000000
-1.2426636869732375,-0.9862166137620599,2025-12-01,12:00,1764547200000000000
3.1966925184586557,1.2203559432769764,2025-12-02,12:00,1764633600000000000
0.6179823854597452,-0.3105952362920666,2025-12-03,12:00,1764720000000000000
-2.7361761610210245,0.3666935527251765,2025-12-04,12:00,1764806400000000000
3.0468216601730838,1.0086952599221455,2025-12-05,12:00,1764892800000000000
0.7738237262573855,0.08599525000283198,2025-12-06,12:00,1764979200000000000
-2.9288055877806682,0.7792085277515847,2025-12-07,12:00,1765065600000000000
0.5903415570077303,-0.6276925129347471,2025-12-08,12:00,1765152000000000000
3.4339865935275773,1.2074804144172087,2025-12-09,12:00,1765238400000000000
-1.3992174834773434,-0.46759561838285274,2025-12-10,12:00,1765324800000000000
-1.227390928823691,1.0969527446749678,2025-12-11,12:00,1765411200000000000
0.4766921241009193,-0.5101631517335742,2025-12-12,12:00,1765497600000000000
0.7673399306625655,0.006412645992033556,2025-12-13,12:00,1765584000000000000
-2.8628041730042217,2.0160793725847967,2025-12-14,12:00,1765670400000000000
-1.3628438338861386,0.5163564822252147,2025-12-15,12:00,1765756800000000000
-3.189830649972951,-0.9799406564951516,2025-12-16,12:00,1765843200000000000
3.3828036187944517,-0.17096403035183583,2025-12-17,12:00,1765929600000000000
3.63097767528557,0.6373263120789227,2025-12-18,12:00,1766016000000000000
-3.1568920016373174,1.3197343356923654,2025-12-19,12:00,1766102400000000000
-1.017601712157119,0.21112594702968615,2025-12-20,12:00,1766188800000000000
-1.1961428771814744,0.25811817673069787,2025-12-21,12:00,1766275200000000000
0.35279217516736266,0.7200451655653681,2025-12-22,12:00,1766361600000000000
1.2220134784050392,0.6421181992409989,2025-12-23,12:00,1766448000000000000
3.9468921957164813,-1.433529569070242,2025-12-24,12:00,1766534400000000000
-3.1967292305723083,-1.3852738300134737,2025-12-25,12:00,1766620800000000000
3.708689629134129,-0.6265666458006506,2025-12-26,12:00,1766707200000000000
3.124728091879867,0.19641535459390114,2025-12-27,12:00,1766793600000000000
-1.25693732767484,0.33523349317271456,2025-12-28,12:00,1766880000000000000
-1.3549671689094402,-2.52746587392469,2025-12-29,12:00,1766966400000000000
3.7709251228629483,-0.47646687281832584,2025-12-30,12:00,1767052800000000000
-2.9629680441722117,1.2264716871924128,2025-12-31,12:00,1767139200000000000
-1.1604422263851044,2.1935920271950136,2026-01-01,12:00,1767225600000000000
-3.3016847383503385,0.08456781369111915,2026-01-02,12:00,1767312000000000000
3.2338896927444662,-0.7294500836142256,2026-01-03,12:00,1767398400000000000
3.842014288505998,1.6223440064673533,2026-01-04,12:00,1767484800000000000
-2.788172303226847,-1.0450893944501256,2026-01-05,12:00,1767571200000000000
0.7314863219576497,0.19543029142017287,2026-01-06,12:00,1767657600000000000
0.5236557504205719,-0.20822728153996178,2026-01-07,12:00,1767744000000000000
3.9050668471515357,1.0386418913034523,2026-01-08,12:00,1767830400000000000
-2.906747483627198,1.4348181470693222,2026-01-09,12:00,1767916800000000000
3.0823014922138205,-0.22669312798750063,2026-01-10,12:00,1768003200000000000
-3.183332523204074,1.7730689623971907,2026-01-11,12:00,1768089600000000000
-1.3521731044225678,-1.6128242019724257,2026-01-12,12:00,1768176000000000000
0.8984066948140932,-1.4680094455457733,2026-01-13,12:00,1768262400000000000
-3.137852428115304,-0.5648624780723505,2026-01-14,12:00,1768348800000000000
-2.6822951513947144,0.44171850062811874,2026-01-15,12:00,1768435200000000000
-1.0299547343747963,1.0181038802426126,2026-01-16,12:00,1768521600000000000
0.5270606065009631,0.15262172458081427,2026-01-17,12:00,1768608000000000000
0.39703717694557533,-1.098134573702379,2026-01-18,12:00,1768694400000000000
-1.3716255913453836,0.441826763261424,2026-01-19,12:00,1768780800000000000
-3.025887475926322,-0.3595022078051266,2026-01-20,12:00,1768867200000000000
-1.456073727459855,-1.9183369049631316,2026-01-21,12:00,1768953600000000000
0.49706848840769846,0.8006854164763503,2026-01-22,12:00,1769040000000000000
-2.7799213027869345,-0.491471964142062,2026-01-23,12:00,1769126400000000000
0.7083044831683224,1.8314321283922914,2026-01-24,12:00,1769212800000000000
-1.1444813697252736,-1.8703201651210202,2026-01-25,12:00,1769299200000000000
3.297496139056976,0.903368754127744,2026-01-26,12:00,1769385600000000000
0.8650094793755876,-1.8288141603301162,2026-01-27,12:00,1769472000000000000
3.518648863265437,1.5735831069734516,2026-01-28,12:00,1769558400000000000
0.11165780725979157,-2.031268591332065,2026-01-29,12:00,1769644800000000000
3.4911240536457964,-0.10947935043252598,2026-01-30,12:00,1769731200000000000
0.18182325057414453,-0.7994990145310064,2026-01-31,12:00,1769817600000000000
3.734200709236611,-0.3915301634039941,2026-02-01,12:00,1769904000000000000
0.9751860780909213,-0.6225217797894697,2026-02-02,12:00,1769990400000000000
1.008100476586874,0.7770693220009034,2026-02-03,12:00,1770076800000000000
-2.6572972104777555,1.1920468913038302,2026-02-04,12:00,1770163200000000000
-1.185010100353858,2.025336406103875,2026-02-05,12:00,1770249600000000000
-1.266099771492275,0.018720474362445404,2026-02-06,12:00,1770336000000000000
-1.3418669714890181,-0.18102116832419277,2026-02-07,12:00,1770422400000000000
-3.235613844931788,-1.812613595387036,2026-02-08,12:00,1770508800000000000
3.7779483916297796,0.5047565048376739,2026-02-09,12:00,1770595200000000000
-3.295926900074057,0.12868884579169443,2026-02-10,12:00,1770681600000000000
0.3885745323571056,0.5482551969643825,2026-02-11,12:00,1770768000000000000
-1.2231535060691863,-0.33792918799623844,2026-02-12,12:00,1770854400000000000
0.18729065938536554,0.5712251423412185,2026-02-13,12:00,1770940800000000000
-1.0041852956149508,0.020436767319168388,2026-02-14,12:00,1771027200000000000
-1.375470380425347,-0.37336246316495764,2026-02-15,12:00,1771113600000000000
-1.214107388007157,-0.41904169661735324,2026-02-16,12:00,1771200000000000000
0.8112333063170218,1.6655780277043948,2026-02-17,12:00,1771286400000000000
3.13667404719166,0.7519620806344447,2026-02-18,12:00,1771372800000000000
-1.200891144626742,0.5917306712926027,2026-02-19,12:00,1771459200000000000
3.5719716809835385,0.3029397644353121,2026-02-20,12:00,1771545600000000000
-1.295318801295101,1.0176887196981537,2026-02-21,12:00,1771632000000000000
-1.4551622175313577,-0.5325158742255578,2026-02-22,12:00,1771718400000000000
-1.3847553812301143,-0.7970966349412822,2026-02-23,12:00,1771804800000000000
0.3167962517920706,0.9202005257049244,2026-02-24,12:00,1771891200000000000
-0.9767055392176904,-0.60120709419087,2026-02-25,12:00,1771977600000000000
3.2652513694253313,0.4086423351150126,2026-02-26,12:00,1772064000000000000
4.2222673823726975,-0.37890858150374684,2026-02-27,12:00,1772150400000000000
3.705916919152835,-1.271562038940609,2026-02-28,12:00,1772236800000000000
3.4245774470466253,1.9464568037161205,2026-03-01,12:00,1772323200000000000
0.24459451058676096,1.6007601648956857,2026-03-02,12:00,1772409600000000000
3.428176861856157,-1.0351586294693327,2026-03-03,12:00,1772496000000000000
3.9530072311035367,0.43966766570980664,2026-03-04,12:00,1772582400000000000
3.3302773674000243,1.4520768370389996,2026-03-05,12:00,1772668800000000000
2.9351475744816855,-1.1894116637107033,2026-03-06,12:00,1772755200000000000
-3.1786546006313605,0.6925466719856127,2026-03-07,12:00,1772841600000000000
-3.145215221959559,0.1383533852913077,2026-03-08,12:00,1772928000000000000
3.1193841855853575,-0.13812586501402332,2026-03-09,12:00,1773014400000000000
0.5832735090172813,0.1067511199850867,2026-03-10,12:00,1773100800000000000
-1.0631131676131325,0.32574380017414034,2026-03-11,12:00,1773187200000000000
3.807813250899013,0.7236928048264115,2026-03-12,12:00,1773273600000000000
-2.6198945038667585,0.32667779264843655,2026-03-13,12:00,1773360000000000000
0.4274037625294097,-0.7856127608224875,2026-03-14,12:00,1773446400000000000
-2.6327494510210485,0.9770086906345034,2026-03-15,12:00,1773532800000000000
-1.0846113540342663,-1.8715896939877354,2026-03-16,12:00,1773619200000000000
-2.9113071804328547,2.5567743192361516,2026-03-17,12:00,1773705600000000000
-1.2566342225740248,-0.2889889322107721,2026-03-18,12:00,1773792000000000000
0.998193037496756,-1.4427264143100984,2026-03-19,12:00,1773878400000000000
0.7401056749329671,0.38228887861035066,2026-03-20,12:00,1773964800000000000
-2.952858139331212,0.12366962741628042,2026-03-21,12:00,1774051200000000000
-1.1709937684511977,-0.35225406874211307,2026-03-22,12:00,1774137600000000000
-2.7317676017505184,0.3328562868754414,2026-03-23,12:00,1774224000000000000
0.6837128349387885,-0.16796510006104215,2026-03-24,12:00,1774310400000000000
-3.290281868300884,1.4166713761709826,2026-03-25,12:00,1774396800000000000
3.9298207787669894,0.4776975742447543,2026-03-26,12:00,1774483200000000000
0.938892253426135,-0.30768500053585857,2026-03-27,12:00,1774569600000000000
-1.3556320251218483,0.863710666612882,2026-03-28,12:00,1774656000000000000
-2.966136164490279,1.4946391925031433,2026-03-29,12:00,1774742400000000000
0.5632151112682653,0.053762058257087575,2026-03-30,12:00,1774828800000000000
-1.4768385391182373,-2.0213236687627196,2026-03-31,12:00,1774915200000000000
-1.1772991162970277,0.4082692362427842,2026-04-01,12:00,1775001600000000000
-2.765814355641908,0.78606948746212,2026-04-02,12:00,1775088000000000000
-2.869490913579229,-0.7599495686725533,2026-04-03,12:00,1775174400000000000
3.0909226781306023,0.6630921405009343,2026-04-04,12:00,1775260800000000000
-2.5909420069509834,0.7458856428324102,2026-04-05,12:00,1775347200000000000
0.6072696259717852,-1.5050822428617174,2026-04-06,12:00,1775433600000000000
-1.1872131281445244,-1.5650751427380134,2026-04-07,12:00,1775520000000000000
0.6892324620161727,-0.5021777798843107,2026-04-08,12:00,1775606400000000000
-3.048931037114738,-0.50488386060064,2026-04-09,12:00,1775692800000000000
0.8970924996782311,0.06412879791667955,2026-04-10,12:00,1775779200000000000
3.229892229155547,-1.0582404159646612,2026-04-11,12:00,1775865600000000000
-2.9838308631086425,-0.055658366800953485,2026-04-12,12:00,1775952000000000000
-1.2567595442280777,2.4557382150870706,2026-04-13,12:00,1776038400000000000
-3.022672215114996,0.08758065543656479,2026-04-14,12:00,1776124800000000000
-2.9133251253443695,0.3751263150662736,2026-04-15,12:00,1776211200000000000
-2.9965001529415956,0.06130197682930252,2026-04-16,12:00,1776297600000000000
-3.294880090360258,-0.26157605436391634,2026-04-17,12:00,1776384000000000000
-1.1495226569678332,-0.497634613025574,2026-04-18,12:00,1776470400000000000
3.4355373515036103,-0.8690961492252252,2026-04-19,12:00,1776556800000000000
3.5573822745966845,0.5432234503028767,2026-04-20,12:00,1776643200000000000
3.9256357503151813,-0.41881774855212167,2026-04-21,12:00,1776729600000000000
-1.1734395879086812,1.8254832362898132,2026-04-22,12:00,1776816000000000000
0.733046328619086,1.1243752426278597,2026-04-23,12:00,1776902400000000000
3.3666725570100042,0.46602506274103145,2026-04-24,12:00,1776988800000000000
-1.5642763726604756,1.0897612343003429,2026-04-25,12:00,1777075200000000000
-1.574703130392926,0.400186576246389,2026-04-26,12:00,1777161600000000000
-1.3479321100603978,1.2475525803515237,2026-04-27,12:00,1777248000000000000
-1.306467202611497,-0.8287094378240089,2026-04-28,12:00,1777334400000000000
3.5240912393130794,1.5520521467585622,2026-04-29,12:00,1777420800000000000
3.1006529761978245,0.44161585142066445,2026-04-30,12:00,1777507200000000000
0.6531935587411649,-0.8457244870856537,2026-05-01,12:00,1777593600000000000
3.5804885103227497,1.1867398734561398,2026-05-02,12:00,1777680000000000000
0.8838394615593217,0.899816644234658,2026-05-03,12:00,1777766400000000000
-1.479530388993072,-1.0538215699872475,2026-05-04,12:00,1777852800000000000
0.4867658182991226,1.6185574828806946,2026-05-05,12:00,1777939200000000000
-0.9287765414127488,0.41131573919375,2026-05-06,12:00,1778025600000000000
-2.667197730899737,-0.13152797564402294,2026-05-07,12:00,1778112000000000000
0.28326224865905336,0.4387663051316169,2026-05-08,12:00,1778198400000000000
0.3761736940046191,0.34718223366109446,2026-05-09,12:00,1778284800000000000
0.4434609579550457,0.05317725081449956,2026-05-10,12:00,1778371200000000000
3.445436256905553,0.30824143611622845,2026-05-11,12:00,1778457600000000000
3.576086080870147,0.5634195765582349,2026-05-12,12:00,1778544000000000000
-3.1762828313958607,-0.3451009027856985,2026-05-13,12:00,1778630400000000000
0.034757793883040074,-0.9993578185212991,2026-05-14,12:00,1778716800000000000
1.1906742934989505,-1.2076298885810057,2026-05-15,12:00,1778803200000000000
-1.2768139777327003,-1.7870480203649548,2026-05-16,12:00,1778889600000000000
-2.8134261892059946,-1.0623515850627874,2026-05-17,12:00,1778976000000000000
0.34655959208256853,0.2689509216944002,2026-05-18,12:00,1779062400000000000
0.3125381255770935,-0.19734889760468188,2026-05-19,12:00,1779148800000000000
-3.1813632620073156,1.8435267817076582,2026-05-20,12:00,1779235200000000000
0.48825565024353557,-0.1732060965814208,2026-05-21,12:00,1779321600000000000
-2.57888464276305,-0.3218835142661659,2026-05-22,12:00,1779408000000000000
0.631675350990436,0.7793578017633365,2026-05-23,12:00,1779494400000000000
0.9508150459548428,0.09219818620696744,2026-05-24,12:00,1779580800000000000
-2.9238671835227636,-1.221415512469166,2026-05-25,12:00,1779667200000000000
-1.6303046115523128,1.3332338044381256,2026-05-26,12:00,1779753600000000000
-2.567357625470044,0.808465626623532,2026-05-27,12:00,1779840000000000000
0.8434841119678277,0.02518548106121046,2026-05-28,12:00,1779926400000000000
-3.408767913693466,0.5658768516693518,2026-05-29,12:00,1780012800000000000
-1.0521566101257676,0.5156049746382626,2026-05-30,12:00,1780099200000000000
3.696053058699118,0.31125715579179575,2026-05-31,12:00,1780185600000000000
0.6470892022088238,0.27463567286237917,2026-06-01,12:00,1780272000000000000
0.8907303611173838,0.5651385976465524,2026-06-02,12:00,1780358400000000000
0.9235016572838609,-1.2758865039255294,2026-06-03,12:00,1780444800000000000
3.5125662996485567,-0.41297604869290144,2026-06-04,12:00,1780531200000000000
3.7180655561307976,1.6202925335801144,2026-06-05,12:00,1780617600000000000
0.7471979484496076,0.28169552466598374,2026-06-06,12:00,1780704000000000000
0.6297590034569328,-0.8579642043055016,2026-06-07,12:00,1780790400000000000
0.8602745531293733,0.7693714498027419,2026-06-08,12:00,1780876800000000000
-1.3527484534218959,-0.952043611824276,2026-06-09,12:00,1780963200000000000
1.0846040453042476,-2.4065815308961986,2026-06-10,12:00,1781049600000000000
1.3854744984182175,-0.9427154427900228,2026-06-11,12:00,1781136000000000000
0.7733791832676622,-0.10059718839711347,2026-06-12,12:00,1781222400000000000
0.9442471029645497,-1.798422470412542,2026-06-13,12:00,1781308800000000000
0.5862075456241808,1.3057697491117959,2026-06-14,12:00,1781395200000000000
0.7787009694836433,-0.0061434956618837576,2026-06-15,12:00,1781481600000000000
-3.0113730252731625,-0.4315992234158343,2026-06-16,12:00,1781568000000000000
-1.442859662963455,-1.466956902665952,2026-06-17,12:00,1781654400000000000
3.7117831589739003,-0.7646146829189354,2026-06-18,12:00,1781740800000000000
-1.2779070674893107,-0.7978348281838706,2026-06-19,12:00,1781827200000000000
-2.479367524187841,-0.8592730024823754,2026-06-20,12:00,1781913600000000000
3.558799269653294,0.5669662579792003,2026-06-21,12:00,1782000000000000000
-2.886929351622061,0.4005593260377032,2026-06-22,12:00,1782086400000000000
-3.240306508629428,0.18854127715917454,2026-06-23,12:00,1782172800000000000
-1.2983187628983581,-0.5934044290301621,2026-06-24,12:00,1782259200000000000
-2.984604889522833,1.178498766439496,2026-06-25,12:00,1782345600000000000
0.8821935163381078,-0.8129150685940286,2026-06-26,12:00,1782432000000000000
-1.2904368976205194,1.6566410381116992,2026-06-27,12:00,1782518400000000000
-3.1351409618667354,0.6028577820304883,2026-06-28,12:00,1782604800000000000
-3.043049242517046,0.38140508340537743,2026-06-29,12:00,1782691200000000000
3.5966826296773724,-0.46387630369596805,2026-06-30,12:00,1782777600000000000
0.35237156696804744,-1.083803517716982,2026-07-01,12:00,1782864000000000000
-2.8075608004709047,1.358717061082899,2026-07-02,12:00,1782950400000000000
3.458185458188062,-0.3800415330407562,2026-07-03,12:00,1783036800000000000
0.2804133020290598,-0.09329515366088267,2026-07-04,12:00,1783123200000000000
3.6827116648779117,0.13371788889126807,2026-07-05,12:00,1783209600000000000
1.0119497644714266,-1.150643243535866,2026-07-06,12:00,1783296000000000000
-1.2665416082301746,-0.4980273829879025,2026-07-07,12:00,1783382400000000000
0.813933427707053,1.8871611521162435,2026-07-08,12:00,1783468800000000000
0.32637521023872806,-1.4347389681469325,2026-07-09,12:00,1783555200000000000
0.5469354004444789,-0.8877550629194443,2026-07-10,12:00,1783641600000000000
1.2575984504870823,-0.9044899917872173,2026-07-11,12:00,1783728000000000000
-2.7288530800478914,0.3852054567013862,2026-07-12,12:00,1783814400000000000
-1.5375140742965756,0.6088382006574603,2026-07-13,12:00,1783900800000000000
0.592543324568797,0.034617042226081564,2026-07-14,12:00,1783987200000000000
-3.0255448481976477,-0.10493814030447707,2026-07-15,12:00,1784073600000000000
0.31137579534784143,-0.619009307482348,2026-07-16,12:00,1784160000000000000
-3.033808563531755,0.8257661200097823,2026-07-17,12:00,1784246400000000000
-2.8682419904168666,-0.8997800303486692,2026-07-18,12:00,1784332800000000000
-1.1979832017054928,-0.10978496486292558,2026-07-19,12:00,1784419200000000000
-1.2316591298984763,-0.3713618071199436,2026-07-20,12:00,1784505600000000000
-1.1085732049492845,1.5645221340733886,2026-07-21,12:00,1784592000000000000
0.12984915259625487,-1.1341566296861327,2026-07-22,12:00,1784678400000000000
3.4924500846475346,-0.1174324418392928,2026-07-23,12:00,1784764800000000000
3.648566673066771,0.43334075629248264,2026-07-24,12:00,1784851200000000000
-1.3161868661531466,0.5188104744098708,2026-07-25,12:00,1784937600000000000
-1.39513219981162,0.5848676253644294,2026-07-26,12:00,1785024000000000000
3.950941230424334,0.8179560364206496,2026-07-27,12:00,1785110400000000000
-1.3198175152472535,-0.7985474089218679,2026-07-28,12:00,1785196800000000000
-3.115952201610538,1.164837651585437,2026-07-29,12:00,1785283200000000000
0.16858346094277407,0.2174468954794669,2026-07-30,12:00,1785369600000000000
-3.1810433577466157,-0.9811020378303443,2026-07-31,12:00,1785456000000000000
3.4180200466898754,-0.12485592308850073,2026-08-01,12:00,1785542400000000000
0.7765717398389561,0.6594263185312493,2026-08-02,12:00,1785628800000000000
-2.945539579419962,0.8694257283477134,2026-08-03,12:00,1785715200000000000
2.910108031767896,0.24739189848146456,2026-08-04,12:00,1785801600000000000
3.4506521105858194,1.3936627329588387,2026-08-05,12:00,1785888000000000000
-3.2281939236252737,-1.780964846659708,2026-08-06,12:00,1785974400000000000
3.550233887214015,-1.9132551965763578,2026-08-07,12:00,1786060800000000000
-1.3530066961116547,-0.907095971351525,2026-08-08,12:00,1786147200000000000
3.5912422973851688,0.0015168257349876255,2026-08-09,12:00,1786233600000000000
2.832833304780003,0.4575699079376725,2026-08-10,12:00,1786320000000000000
-1.207217392332518,0.6458837768884294,2026-08-11,12:00,1786406400000000000
0.5860055870145884,0.05615136488823075,2026-08-12,12:00,1786492800000000000
-3.1150220607024792,-0.4030665288231079,2026-08-13,12:00,1786579200000000000
0.4693580639865169,-1.1271222302976809,2026-08-14,12:00,1786665600000000000
-0.9929402541053407,-0.09609956052198917,2026-08-15,12:00,1786752000000000000
-2.751852175799151,-0.31986279113115945,2026-08-16,12:00,1786838400000000000
3.7651535289532556,0.625059544430417,2026-08-17,12:00,1786924800000000000
-1.2261589600716165,1.2924432418186225,2026-08-18,12:00,1787011200000000000
3.6779909493888385,0.9972192900878467,2026-08-19,12:00,1787097600000000000
-3.2375701329252977,1.0664782784388658,2026-08-20,12:00,1787184000000000000
-1.1970464170632786,0.288160887842416,2026-08-21,12:00,1787270400000000000
3.2331307370661375,1.0830003450505952,2026-08-22,12:00,1787356800000000000
3.9223471285112743,-0.7877519463870364,2026-08-23,12:00,1787443200000000000
-3.0601768226872332,2.847245967468634,2026-08-24,12:00,1787529600000000000
3.9117630277665736,-0.2026276669695627,2026-08-25,12:00,1787616000000000000
-1.1524075795054856,-1.100251746301342,2026-08-26,12:00,1787702400000000000
3.115344132179631,-2.5785263915780665,2026-08-27,12:00,1787788800000000000
0.9201208381507658,-0.48184460876662755,2026-08-28,12:00,1787875200000000000
3.3709659289013745,-1.0261408266432026,2026-08-29,12:00,1787961600000000000
-1.2198335616363687,-1.051287773494652,2026-08-30,12:00,1788048000000000000
3.44952513359272,-0.49133511299750593,2026-08-31,12:00,1788134400000000000
3.926605564856866,1.264585069865826,2026-09-01,12:00,1788220800000000000
3.373490257582921,-0.9133774125146632,2026-09-02,12:00,1788307200000000000
0.8540534561306312,2.106521852607448,2026-09-03,12:00,1788393600000000000
-1.4093356747176389,0.020191667270244646,2026-09-04,12:00,1788480000000000000
0.7288892404468255,-0.1724462960339911,2026-09-05,12:00,1788566400000000000
3.766198980451103,-0.6475860510658058,2026-09-06,12:00,1788652800000000000
-1.4700323074823907,0.053792333005909646,2026-09-07,12:00,1788739200000000000
1.0935397797811217,-0.9991304466011296,2026-09-08,12:00,1788825600000000000
0.46739023050622763,-0.86779217016513,2026-09-09,12:00,1788912000000000000
3.303904037046412,0.381665058997595,2026-09-10,12:00,1788998400000000000
3.621248580670334,0.9631294902396941,2026-09-11,12:00,1789084800000000000
1.1008928757133771,-1.5595417642690361,2026-09-12,12:00,1789171200000000000
-2.9748765907670927,0.44035173805228345,2026-09-13,12:00,1789257600000000000
0.5851075156524002,0.1528277877725259,2026-09-14,12:00,1789344000000000000
4.184613704243433,-0.6972020757819368,2026-09-15,12:00,1789430400000000000
0.6648018474660579,-0.531694542880399,2026-09-16,12:00,1789516800000000000
-2.705258950565464,-0.5561947873427048,2026-09-17,12:00,1789603200000000000
0.7850897579010676,0.22946709325409978,2026-09-18,12:00,1789689600000000000
3.789606097350395,1.7161989507778814,2026-09-19,12:00,1789776000000000000
-1.3586683991649045,0.12167132214355868,2026-09-20,12:00,1789862400000000000
3.152038846853863,0.7634604786764151,2026-09-21,12:00,1789948800000000000
-1.431655550053631,-0.30449924995765176,2026-09-22,12:00,1790035200000000000
-3.3826353303748413,-0.5455716571247764,2026-09-23,12:00,1790121600000000000
1.0893473669382217,-2.4155000241094853,2026-09-24,12:00,1790208000000000000
3.476262430522899,1.6453063460502164,2026-09-25,12:00,1790294400000000000
0.8334074674280864,1.8376304788307036,2026-09-26,12:00,1790380800000000000
-1.2396422161391905,-0.2532529144752498,2026-09-27,12:00,1790467200000000000
0.2349699372544688,0.8334256119719987,2026-09-28,12:00,1790553600000000000
4.070462305777182,0.14697116841528518,2026-09-29,12:00,1790640000000000000
-1.2057123086621286,1.3900549395054653,2026-09-30,12:00,1790726400000000000
0.6093907722932068,-0.6930184679702263,2026-10-01,12:00,1790812800000000000
-2.967815334524784,0.14508331079018508,2026-10-02,12:00,1790899200000000000
-3.317384584330856,-1.7204371295335195,2026-10-03,12:00,1790985600000000000
-1.4261560997606064,-0.020607334569914194,2026-10-04,12:00,1791072000000000000
-1.4379610896282262,1.0014590152699303,2026-10-05,12:00,1791158400000000000
-1.1558058219311782,1.0567646034403073,2026-10-06,12:00,1791244800000000000
-1.36179315257213,0.371063710820014,2026-10-07,12:00,1791331200000000000
-1.259745833047319,-0.03721571364908038,2026-10-08,12:00,1791417600000000000
-2.956626110838294,0.37069940837798504,2026-10-09,12:00,1791504000000000000
3.375405855943007,-2.1128836233627917,2026-10-10,12:00,1791590400000000000
3.274156294114133,-2.2475849667196917,2026-10-11,12:00,1791676800000000000
-2.8309044600343984,0.5347319434838154,2026-10-12,12:00,1791763200000000000
0.5851828753476904,1.9451533929847018,2026-10-13,12:00,1791849600000000000
3.6656598814886308,0.045715420401821465,2026-10-14,12:00,1791936000000000000
-3.2818853781509745,-2.155501896328411,2026-10-15,12:00,1792022400000000000
-0.7825827153953359,0.18338455068477547,2026-10-16,12:00,1792108800000000000
0.3784396140774163,0.46376528234226705,2026-10-17,12:00,1792195200000000000
-1.5660226256513115,1.3419214223770775,2026-10-18,12:00,1792281600000000000
-1.159279012700247,-1.6448907332720069,2026-10-19,12:00,1792368000000000000
3.848354144977512,0.6520954109436344,2026-10-20,12:00,1792454400000000000
-1.1948206734660158,-0.41375109812446575,2026-10-21,12:00,1792540800000000000
-1.1031620255277725,-0.44503531967038523,2026-10-22,12:00,1792627200000000000
0.9980888771289205,0.09674701200819524,2026-10-23,12:00,1792713600000000000
1.0136284415228773,1.4646341348206153,2026-10-24,12:00,1792800000000000000
-2.843777363652658,0.7387655698933006,2026-10-25,12:00,1792886400000000000
-2.76328760154631,1.8187388000008136,2026-10-26,12:00,1792972800000000000
-1.384529402368206,-1.3922858923547698,2026-10-27,12:00,1793059200000000000
-2.9872981990500302,0.03719146296981221,2026-10-28,12:00,1793145600000000000
3.218541326569714,-0.8612461855675507,2026-10-29,12:00,1793232000000000000
0.7046533129538456,1.4337586978288492,2026-10-30,12:00,1793318400000000000
3.544564099309382,-0.5715205032883348,2026-10-31,12:00,1793404800000000000
-1.3593773251743755,-0.1704439317541178,2026-11-01,12:00,1793491200000000000
3.6798884509761947,0.5451573858661752,2026-11-02,12:00,1793577600000000000
3.4662711258490244,-0.6642539860101488,2026-11-03,12:00,1793664000000000000
0.8768427081832992,-1.024932528481511,2026-11-04,12:00,1793750400000000000
-1.1916082147394493,-2.253908924648991,2026-11-05,12:00,1793836800000000000
3.6527179841463324,0.1948242364907869,2026-11-06,12:00,1793923200000000000
3.3841127851936292,0.9780856673068321,2026-11-07,12:00,1794009600000000000
-1.347772009407802,0.5807241896545219,2026-11-08,12:00,1794096000000000000
-3.0340289185489455,-1.000881110174887,2026-11-09,12:00,1794182400000000000
0.3371020326269275,0.570039017164716,2026-11-10,12:00,1794268800000000000
0.690868081627665,0.43717534475697256,2026-11-11,12:00,1794355200000000000
3.7581037381999916,1.1731901442543036,2026-11-12,12:00,1794441600000000000
0.6530615949770789,-0.009568512200768835,2026-11-13,12:00,1794528000000000000
-0.9566471755774195,-0.18156797993743914,2026-11-14,12:00,1794614400000000000
3.4221938460891934,0.5423230954723334,2026-11-15,12:00,1794700800000000000
3.5709285786080844,0.11696952356626021,2026-11-16,12:00,1794787200000000000
2.775614710506545,-0.557562589621048,2026-11-17,12:00,1794873600000000000
3.1926471142838246,-2.0136684232300666,2026-11-18,12:00,1794960000000000000
0.9519474707711149,1.019993917816526,2026-11-19,12:00,1795046400000000000
-1.0812287908226437,-0.6593128625802478,2026-11-20,12:00,1795132800000000000
0.5192789321331959,-2.077672865767904,2026-11-21,12:00,1795219200000000000
-3.0032223247143763,0.04782957882911326,2026-11-22,12:00,1795305600000000000
-2.9146091805231644,-1.5052671685364454,2026-11-23,12:00,1795392000000000000
0.547980348862194,-0.014378968581514365,2026-11-24,12:00,1795478400000000000
0.7980269207701122,0.04658675682958825,2026-11-25,12:00,1795564800000000000
-2.9215164423390263,0.35854895935797065,2026-11-26,12:00,1795651200000000000
0.6520500900764719,-0.5684821275297016,2026-11-27,12:00,1795737600000000000
3.3276232359655866,1.0683286487252783,2026-11-28,12:00,1795824000000000000
-1.4272353644685316,-0.1739356580193865,2026-11-29,12:00,1795910400000000000
3.3829953809788034,0.660799359876873,2026-11-30,12:00,1795996800000000000
-1.277975719239836,0.38885470142213907,2026-12-01,12:00,1796083200000000000
0.3675110052442304,0.0002233069685137547,2026-12-02,12:00,1796169600000000000
0.6077590669571312,2.8986111040678617,2026-12-03,12:00,1796256000000000000
3.7734842995624787,-0.46293866509012527,2026-12-04,12:00,1796342400000000000
1.0476341169942522,-0.9578624438041482,2026-12-05,12:00,1796428800000000000
0.7692033709544993,-2.0250999898951267,2026-12-06,12:00,1796515200000000000
-1.212031048921157,0.871992851025238,2026-12-07,12:00,1796601600000000000
2.9509547669310834,-0.9418096979703643,2026-12-08,12:00,1796688000000000000
0.43056255143878,-0.38867715919208556,2026-12-09,12:00,1796774400000000000
1.0410788698509386,1.5881245720163157,2026-12-10,12:00,1796860800000000000
-1.378941611067676,0.7280267446327509,2026-12-11,12:00,1796947200000000000
-3.1095687102401155,-0.29886135487513227,2026-12-12,12:00,1797033600000000000
-2.913476759563906,0.1703936950743634,2026-12-13,12:00,1797120000000000000
0.5824907424651707,-0.5236621382502227,2026-12-14,12:00,1797206400000000000
3.3955264959158606,0.23117774204320457,2026-12-15,12:00,1797292800000000000
-1.1160481449610595,-0.2373940356073382,2026-12-16,12:00,1797379200000000000
-1.2324032386791668,0.33499903648081847,2026-12-17,12:00,1797465600000000000
0.5744142154330537,0.8584069160328643,2026-12-18,12:00,1797552000000000000
0.8290596599506299,0.13854072272617593,2026-12-19,12:00,1797638400000000000
0.1358152257648962,-1.1992495348718761,2026-12-20,12:00,1797724800000000000
-1.2157535085090072,0.044363746735868244,2026-12-21,12:00,1797811200000000000
0.3247095128735332,0.8195750097865546,2026-12-22,12:00,1797897600000000000
-1.1634730932079336,0.015413480436137366,2026-12-23,12:00,1797984000000000000
-1.4661247086242444,-0.09421158535221588,2026-12-24,12:00,1798070400000000000
2.8475312407050555,0.07408850601840408,2026-12-25,12:00,1798156800000000000
-1.4386228556754064,1.3799925435626685,2026-12-26,12:00,1798243200000000000
2.794635183607483,2.0287255175776,2026-12-27,12:00,1798329600000000000
3.857247397022487,0.7888930749157714,2026-12-28,12:00,1798416000000000000
1.1886246339993711,1.9043812059257803,2026-12-29,12:00,1798502400000000000
3.410478908757188,-0.5823042907802986,2026-12-30,12:00,1798588800000000000
-1.021042026318377,1.193935822625313,2026-12-31,12:00,1798675200000000000
-1.376633240614737,0.5588402558538266,2027-01-01,12:00,1798761600000000000
-3.0581988113351604,-0.6842238614361371,2027-01-02,12:00,1798848000000000000
-2.9293545078729544,-0.2887471795377803,2027-01-03,12:00,1798934400000000000
-1.4621754058147076,0.3627760119308414,2027-01-04,12:00,1799020800000000000
3.4487023044056833,0.590390273468074,2027-01-05,12:00,1799107200000000000
-0.9606696684548283,-0.35656080999052064,2027-01-06,12:00,1799193600000000000
-1.2352856259740301,-1.5891209859472628,2027-01-07,12:00,1799280000000000000
3.7350008463009616,0.056901598474566044,2027-01-08,12:00,1799366400000000000
3.0741349567051377,1.2280159309169096,2027-01-09,12:00,1799452800000000000
-1.5219804544329507,-0.2412377114597411,2027-01-10,12:00,1799539200000000000
1.1119935385803068,-0.3889979113973877,2027-01-11,12:00,1799625600000000000
-1.036266815951596,1.0037740154942412,2027-01-12,12:00,1799712000000000000
-0.06163481728629055,-0.3258708739496161,2027-01-13,12:00,1799798400000000000
3.2630920724881727,0.8987003862332885,2027-01-14,12:00,1799884800000000000
3.8027254060954174,-0.8961443067598879,2027-01-15,12:00,1799971200000000000
-1.4470772511026393,-1.3079665982635658,2027-01-16,12:00,1800057600000000000
3.088170857465761,0.9223257448498756,2027-01-17,12:00,1800144000000000000
-1.5915541133139464,2.2654698960373523,2027-01-18,12:00,1800230400000000000
-1.5377760946119503,-0.6757324679482684,2027-01-19,12:00,1800316800000000000
3.4737895471335634,1.6921124126202072,2027-01-20,12:00,1800403200000000000
-1.096936720499405,-1.1147438407522745,2027-01-21,12:00,1800489600000000000
-1.1080395577332953,-1.7561301088894066,2027-01-22,12:00,1800576000000000000
0.42495844242211533,0.2291771551805076,2027-01-23,12:00,1800662400000000000
3.7328399063415616,1.4733664799545814,2027-01-24,12:00,1800748800000000000
-1.317971081909935,-0.9607892426887186,2027-01-25,12:00,1800835200000000000
0.5911910253075915,0.5726887913794922,2027-01-26,12:00,1800921600000000000
-2.794968528998114,1.0687925342532452,2027-01-27,12:00,1801008000000000000
0.5860885876297649,1.1330531085739295,2027-01-28,12:00,1801094400000000000
-2.6547258969940044,-0.8829234139097214,2027-01-29,12:00,1801180800000000000
-2.70596415359212,1.2448555580224347,2027-01-30,12:00,1801267200000000000
-3.093078231561824,0.8790079505000891,2027-01-31,12:00,1801353600000000000
0.1797398177937174,0.13648587139905236,2027-02-01,12:00,1801440000000000000
-1.267742070740406,-1.0868462091686795,2027-02-02,12:00,1801526400000000000
0.34884340126010993,-0.41924748630641095,2027-02-03,12:00,1801612800000000000
-2.8835409145841586,-0.9503959991086673,2027-02-04,12:00,1801699200000000000
-1.04589796951353,-0.727171730127465,2027-02-05,12:00,1801785600000000000
3.6487442521101605,1.5392188775128064,2027-02-06,12:00,1801872000000000000
-1.1821282025947886,-0.3743424102601676,2027-02-07,12:00,1801958400000000000
3.483779761603118,2.1035955248991978,2027-02-08,12:00,1802044800000000000
0.38168410613374365,-0.8207366530724759,2027-02-09,12:00,1802131200000000000
-0.9768173974005617,-1.039453037203611,2027-02-10,12:00,1802217600000000000
-1.2521050451089706,-0.7580182228503695,2027-02-11,12:00,1802304000000000000
-3.051554639796615,-1.5465723846742738,2027-02-12,12:00,1802390400000000000
0.09704138567764584,1.1941669115393911,2027-02-13,12:00,1802476800000000000
-3.0430599745776417,-1.5162292611490191,2027-02-14,12:00,1802563200000000000
-2.9608228394128746,1.1031884615544012,2027-02-15,12:00,1802649600000000000
-1.0953734121415537,-2.884188762179111,2027-02-16,12:00,1802736000000000000
-1.1788946718376636,-0.2988116159929371,2027-02-17,12:00,1802822400000000000
-2.7614341717551643,0.8494341814154247,2027-02-18,12:00,1802908800000000000
4.1431032409970765,0.014683105642050403,2027-02-19,12:00,1802995200000000000
-2.8069353639185115,0.12210723596428082,2027-02-20,12:00,1803081600000000000
0.4536612789291386,0.8168887088005424,2027-02-21,12:00,1803168000000000000
-1.385338785475324,2.1865050716574164,2027-02-22,12:00,1803254400000000000
0.6298386444007373,-1.151990545303391,2027-02-23,12:00,1803340800000000000
-1.2045936613955501,-1.1998505737606815,2027-02-24,12:00,1803427200000000000
-1.4326642091233452,0.9689320516517803,2027-02-25,12:00,1803513600000000000
0.521841089733719,-0.3889741584265738,2027-02-26,12:00,1803600000000000000
3.69329064744997,0.49329963612260314,2027-02-27,12:00,1803686400000000000
-1.446704755415437,-0.6633583979684143,2027-02-28,12:00,1803772800000000000
0.533253275409345,-0.8759030647369027,2027-03-01,12:00,1803859200000000000
3.536377348880059,-0.3926769955414605,2027-03-02,12:00,1803945600000000000
-3.4648539593821197,0.5066716169368463,2027-03-03,12:00,1804032000000000000
-2.89070300538604,-0.44633248242325996,2027-03-04,12:00,1804118400000000000
3.597264891178923,1.2319902627910508,2027-03-05,12:00,1804204800000000000
3.2826514305349277,0.21853142730573252,2027-03-06,12:00,1804291200000000000
0.5136470378659868,-1.7726312434082905,2027-03-07,12:00,1804377600000000000
-3.072560734441934,-0.8120829062252656,2027-03-08,12:00,1804464000000000000
0.3187334289126754,0.5260451909192017,2027-03-09,12:00,1804550400000000000
-1.2948932783386016,-0.6855529793363754,2027-03-10,12:00,1804636800000000000
0.24610289706197827,0.5498779468631311,2027-03-11,12:00,1804723200000000000
-2.768226209872333,0.26183963376143504,2027-03-12,12:00,1804809600000000000
-1.5437337726487683,0.9460059085354714,2027-03-13,12:00,1804896000000000000
0.8229374814360295,-1.294438693960205,2027-03-14,12:00,1804982400000000000
-1.4821269550845908,-0.6275241672624284,2027-03-15,12:00,1805068800000000000
3.719458410323222,0.9144467781029708,2027-03-16,12:00,1805155200000000000
-1.3949839077651125,2.03314524527148,2027-03-17,12:00,1805241600000000000
0.4465426848791712,0.06296440545682977,2027-03-18,12:00,1805328000000000000
3.491933304485191,-2.7853245676728062,2027-03-19,12:00,1805414400000000000
1.042893781866193,-0.027559948068736868,2027-03-20,12:00,1805500800000000000
3.2613960550438317,1.5206104832946552,2027-03-21,12:00,1805587200000000000
3.1178461837250584,-2.454836496412644,2027-03-22,12:00,1805673600000000000
-2.817563806447152,0.9139810191134963,2027-03-23,12:00,1805760000000000000
-2.762471301945385,2.4204355937610043,2027-03-24,12:00,1805846400000000000
0.47688614282086,0.7015766443859764,2027-03-25,12:00,1805932800000000000
0.08003671201710247,0.22463621320236185,2027-03-26,12:00,1806019200000000000
3.4132417421760404,0.13664734059260839,2027-03-27,12:00,1806105600000000000
-1.1845540303463031,-0.10322495145111452,2027-03-28,12:00,1806192000000000000
-3.0267431101299036,2.9509324589152284,2027-03-29,12:00,1806278400000000000
0.5847820844757485,-1.0926904220151998,2027-03-30,12:00,1806364800000000000
-2.6355818160681816,0.11579350993497886,2027-03-31,12:00,1806451200000000000
0.6075619743845433,1.304229949604993,2027-04-01,12:00,1806537600000000000
3.142093490565075,-0.6656709965756753,2027-04-02,12:00,1806624000000000000
3.8842412812778404,-0.8183639436503344,2027-04-03,12:00,1806710400000000000
-1.315285035204402,1.0005921387606271,2027-04-04,12:00,1806796800000000000
-2.7811599328785963,-0.551803687656809,2027-04-05,12:00,1806883200000000000
3.574094962913257,0.6263948479322503,2027-04-06,12:00,1806969600000000000
3.8314599996731054,0.7549371843838766,2027-04-07,12:00,1807056000000000000
-1.1428429571639138,0.46750420309876184,2027-04-08,12:00,1807142400000000000
-1.4314619778226851,-1.642609900686499,2027-04-09,12:00,1807228800000000000
3.542929566976724,-0.9031764958623023,2027-04-10,12:00,1807315200000000000
0.8767848300944165,0.05382929454434737,2027-04-11,12:00,1807401600000000000
-1.1082312116610347,-1.8134057031825734,2027-04-12,12:00,1807488000000000000
-1.4630212451453672,0.7933655259734637,2027-04-13,12:00,1807574400000000000
-2.8784445269244157,-1.267822551383167,2027-04-14,12:00,1807660800000000000
-1.3595873541878474,-0.6548656676351435,2027-04-15,12:00,1807747200000000000
3.335562267275131,-0.49488375913074484,2027-04-16,12:00,1807833600000000000
0.8021355274372525,-0.6189689248665894,2027-04-17,12:00,1807920000000000000
-2.844737419767329,0.7909647743062331,2027-04-18,12:00,1808006400000000000
0.8442381229667402,-0.33865703751010073,2027-04-19,12:00,1808092800000000000
-1.1474409330668676,-1.2422154626191384,2027-04-20,12:00,1808179200000000000
-3.040494917791839,0.5528834765444257,2027-04-21,12:00,1808265600000000000
-1.5883405431732214,-0.11445754542584806,2027-04-22,12:00,1808352000000000000
-2.5712622688660884,0.2372125020049784,2027-04-23,12:00,1808438400000000000
3.1793891542136685,0.48237442262849245,2027-04-24,12:00,1808524800000000000
3.220604740056616,-0.20282641926498216,2027-04-25,12:00,1808611200000000000
3.521492721336577,0.17365780315414164,2027-04-26,12:00,1808697600000000000
-2.97091987628089,-0.15651772654084625,2027-04-27,12:00,1808784000000000000
3.287127941851278,2.039500766200882,2027-04-28,12:00,1808870400000000000
3.7243010212030443,0.33449554022389655,2027-04-29,12:00,1808956800000000000
-2.810388970414842,-0.5833591721002144,2027-04-30,12:00,1809043200000000000
-1.1323886100470602,0.27323554101743974,2027-05-01,12:00,1809129600000000000
3.5716901235481986,0.12488615150481736,2027-05-02,12:00,1809216000000000000
3.3825185808805838,-1.4534188493430684,2027-05-03,12:00,1809302400000000000
-1.2555392800832041,-1.5458514510141175,2027-05-04,12:00,1809388800000000000
-0.9978278057424835,-0.8171891530091814,2027-05-05,12:00,1809475200000000000
0.966045105895834,1.7940680944750762,2027-05-06,12:00,1809561600000000000
3.077676070801695,-1.7051665892376284,2027-05-07,12:00,1809648000000000000
-3.0475697585686365,1.566666040326027,2027-05-08,12:00,1809734400000000000
-1.385057931387417,1.2854362176795502,2027-05-09,12:00,1809820800000000000
-1.2452736526199606,-0.875939894150804,2027-05-10,12:00,1809907200000000000
-2.9602940008524246,-2.693634734817516,2027-05-11,12:00,1809993600000000000
0.6727145528775085,0.7498981966331986,2027-05-12,12:00,1810080000000000000
0.5320588411931233,1.2308491483566226,2027-05-13,12:00,1810166400000000000
-1.0776491667026082,-0.14777073368738716,2027-05-14,12:00,1810252800000000000
0.43062988469299707,-0.9021236264196029,2027-05-15,12:00,1810339200000000000
-2.951598506550932,-0.5997295420885072,2027-05-16,12:00,1810425600000000000
-1.1742209728525843,0.20873737184963778,2027-05-17,12:00,1810512000000000000
1.0679977801485419,-0.12353862572659619,2027-05-18,12:00,1810598400000000000
3.6344578376726244,-0.45331424415898836,2027-05-19,12:00,1810684800000000000
-1.2500374732053658,0.39774345231089436,2027-05-20,12:00,1810771200000000000
-1.341904011888741,-1.136643566242678,2027-05-21,12:00,1810857600000000000
-1.1944892617711524,1.7130016758331832,2027-05-22,12:00,1810944000000000000
0.6439624756331649,-1.1357551781519704,2027-05-23,12:00,1811030400000000000
0.3298542422383683,-1.3002590145308783,2027-05-24,12:00,1811116800000000000
0.47634340092621513,-0.3038777682246253,2027-05-25,12:00,1811203200000000000
-1.3478238669371192,-0.682315093923713,2027-05-26,12:00,1811289600000000000
4.2045268433853416,1.6855247319975917,2027-05-27,12:00,1811376000000000000
0.7052786252229124,-1.2614936544374078,2027-05-28,12:00,1811462400000000000
3.2470313160433206,1.3271566717901004,2027-05-29,12:00,1811548800000000000
3.6757655756971213,1.0603572611766297,2027-05-30,12:00,1811635200000000000
0.8198185052757198,-0.842898296088939,2027-05-31,12:00,1811721600000000000
-3.1401127262781934,0.2825989695626815,2027-06-01,12:00,1811808000000000000
0.13293878131526202,0.5384901912532776,2027-06-02,12:00,1811894400000000000
3.140457620834537,-0.9685267670633452,2027-06-03,12:00,1811980800000000000
1.3163169568828248,-0.8691089368507813,2027-06-04,12:00,1812067200000000000
3.57673224640597,0.3610264062375117,2027-06-05,12:00,1812153600000000000
-2.8421955409169106,0.6783576145490168,2027-06-06,12:00,1812240000000000000
-2.72379090726851,-0.04962236454296066,2027-06-07,12:00,1812326400000000000
4.2581485114654365,0.06186970330495631,2027-06-08,12:00,1812412800000000000
0.8233658078655127,1.6339105064332629,2027-06-09,12:00,1812499200000000000
3.3291768120620167,1.3438180631642938,2027-06-10,12:00,1812585600000000000
3.8887085739742817,0.40593842871029256,2027-06-11,12:00,1812672000000000000
-2.586161506472418,0.057042365533705945,2027-06-12,12:00,1812758400000000000
3.3097375307220522,-2.51279335950324,2027-06-13,12:00,1812844800000000000
3.8762222511806836,0.2351851578511271,2027-06-14,12:00,1812931200000000000
-3.2509132690525586,0.9866420548205239,2027-06-15,12:00,1813017600000000000
-3.4288490872535227,-0.4338600109943103,2027-06-16,12:00,1813104000000000000
3.050097968454316,-0.005376465206033141,2027-06-17,12:00,1813190400000000000
1.232684858811008,0.23676491140320377,2027-06-18,12:00,1813276800000000000
-1.1632237086985873,-0.5700242218679059,2027-06-19,12:00,1813363200000000000
-1.203744235499909,-0.8747338674230325,2027-06-20,12:00,1813449600000000000
0.774308061267083,-0.5753580519769971,2027-06-21,12:00,1813536000000000000
0.7920044916027863,-1.5313165104533324,2027-06-22,12:00,1813622400000000000
-3.5127711894279323,1.041741126681202,2027-06-23,12:00,1813708800000000000
-1.3375975845185388,0.22644018193230817,2027-06-24,12:00,1813795200000000000
-1.3568847032855542,0.5022801906755862,2027-06-25,12:00,1813881600000000000
-3.276062213427069,0.596883787505973,2027-06-26,12:00,1813968000000000000
3.3290149926729335,-0.06774931507925364,2027-06-27,12:00,1814054400000000000
1.2222389985129356,1.8347036682239932,2027-06-28,12:00,1814140800000000000
4.125697212718808,0.9221805288349632,2027-06-29,12:00,1814227200000000000
-1.2593879322723218,-1.422926380974453,2027-06-30,12:00,1814313600000000000
-3.1660569786925135,-1.2025883713940628,2027-07-01,12:00,1814400000000000000
-0.04744643461596515,-1.8991599452997692,2027-07-02,12:00,1814486400000000000
-1.206719620847823,1.4532902692248497,2027-07-03,12:00,1814572800000000000
3.7436490355886267,-1.1976811987481386,2027-07-04,12:00,1814659200000000000
-2.9330819697356385,-0.21245876074098807,2027-07-05,12:00,1814745600000000000
-1.2889133522557459,0.8753417992122738,2027-07-06,12:00,1814832000000000000
-3.116385491442561,2.1859657768579903,2027-07-07,12:00,1814918400000000000
3.5993675473328905,1.5031820719738231,2027-07-08,12:00,1815004800000000000
-3.1777698764205073,-1.491228636953182,2027-07-09,12:00,1815091200000000000
0.8720657962889496,-0.5469819960298786,2027-07-10,12:00,1815177600000000000
